{"cameraMode":{"drawMode":0,"name":"Shaded","section":"Shading Mode"},"sceneLighting":true,"audioPlay":false,"sceneViewState":{"m_AlwaysRefresh":false,"showFog":true,"showSkybox":true,"showFlares":true,"showImageEffects":true,"showParticleSystems":true,"showVisualEffectGraphs":true,"m_FxEnabled":true},"in2DMode":false,"pivot":{"x":4.435192108154297,"y":9.034564018249512,"z":0.14437103271484376},"rotation":{"x":-0.012305530719459057,"y":0.024592507630586625,"z":-0.00030285154934972525,"w":-0.9996220469474793},"size":12.12435531616211,"orthographic":false}